,Mean Abs Error,Median Abs Error,Percent of houses within 10 percent,Percent of houses within 20 percent,Percent of houses within 5 percent,R2,RMSE
team3,59110.7554201671,36645.641720682994,56.79012345679012,82.71604938271605,33.33333333333333,0.8943209680532538,92922.88917187088
