,Mean Abs Error,Median Abs Error,Percent of houses within 10 percent,Percent of houses within 20 percent,Percent of houses within 5 percent,R2,RMSE
team3,55433.023086419766,37432.119999999995,61.72839506172839,85.18518518518519,30.864197530864196,0.9232173111283474,79206.34072492621
